BLAST	01/18/2024	00:08:12
Q9BS40	P55211	1.54719	
Q9BS40	P04859	9.28357	
Q9BS40	P07598	0.0999611	
Q9BS40	A9CJW3	8.5093	
Q9BS40	Q92547	9.97256	
P54396	P38935	7.83221	
P54396	P16009	2.82422	
P54396	Q53752	0.111313	
P54396	Q93HT9	4.46006	
P54396	P0C6U8	2.30729	
P54396	P74881	8.65117	
P54396	P26222	8.69314	
P28325	P01034	2.59172e-45	
P28325	P26646	8.77392	
P28325	Q09LX0	9.85446	
P28325	P60334	1.43737	
P28325	Q16878	0.862605	
P28325	P61711	6.3487	
P01034	P28325	8.722e-51	
P01034	P07254	1.58066	
P01034	P40818	6.28649	
P01034	P08037	5.2499	
P01034	P16009	7.3891	
P01034	Q9JLV6	9.96812	
P01034	P05618	2.72569	
P01034	P00282	5.15437	
P01034	P0A6F9	5.83198	
P01034	P04859	2.80302	
P01034	Q8NWQ6	1.28604	
P01034	Q79FE1	5.67768	
P32196	Q9UWN7	1.80279	
P32196	P0C6U8	1.65739	
P32196	Q8NWQ6	6.76586	
P32196	P74881	6.87703	
P32196	Q00722	2.71415	
P32196	P16099	4.84465	
P62942	P18203	6.15999e-79	
P62942	O43896	7.00872	
P62942	P12994	5.60365	
P62942	O07615	5.07652	
P62942	Q8WVQ1	2.737	
P62942	Q8WTS6	5.58844	
P62942	P04859	4.46207	
P62942	Q8NWQ6	4.52792	
P62942	A9CIQ1	3.17971	
P18203	P62942	6.15999e-79	
P18203	P0AGC3	7.5177	
P18203	O43896	7.76423	
P18203	P12994	2.28854	
P18203	O07615	1.14407	
P18203	Q8WVQ1	4.29707	
P18203	Q8WTS6	4.80955	
P18203	P04859	7.18734	
P18203	Q8NWQ6	4.52792	
P18203	P74881	4.21717	
P18203	A9CIQ1	3.24244	
P0A6W5	Q8VQD7	1.53475e-10	
P0A6W5	Q72JT8	5.88778e-10	
P0A6W5	P00720	3.8289	
P0A6W5	P36924	9.19322	
P0A6W5	P07598	9.81557	
P0A6W5	P00094	4.92576	
P0A6W5	O66529	9.71222	
P0A6W5	P45530	0.610811	
Q8VQD7	P0A6W5	1.52503e-10	
Q8VQD7	Q72JT8	7.9714e-105	
Q8VQD7	P52687	0.71688	
Q8VQD7	O43896	1.33198	
Q8VQD7	P69328	4.96439	
Q8VQD7	Q99176	8.95629	
Q8VQD7	P0C6U8	2.23774	
Q8VQD7	Q8NWQ6	4.09719	
Q8VQD7	Q12888	7.25142	
Q72JT8	P0A6W5	5.81325e-10	
Q72JT8	Q8VQD7	7.92063e-105	
Q72JT8	P52687	4.89998	
Q72JT8	O43896	1.62143	
Q72JT8	Q8NWQ6	3.30375	
Q72JT8	Q00722	4.73258	
Q72JT8	P28632	5.67566	
P07254	P30922	1.31297e-27	
P07254	Q9V3D4	1.66657e-15	
P07254	P0AEC8	0.0166681	
P07254	P04395	1.82831	
P07254	Q8NWQ6	3.75608	
P07254	A9CIQ1	6.20626	
P07254	P83772	1.67463	
P30922	P07254	8.9319e-28	
P30922	Q9V3D4	2.89173e-44	
P30922	P00094	4.74744	
P30922	Q00722	1.03749	
P30922	P07987	2.00421	
P30922	P38398	4.62282	
P30922	P16099	1.27107	
Q9V3D4	P07254	1.30247e-15	
Q9V3D4	P30922	3.32209e-44	
Q9V3D4	P37330	5.67408	
P03000	P0A707	3.44485e-54	
P03000	P0A6Y8	4.4926	
P03000	Q8NWQ6	9.86509	
P03000	P0AB52	0.785562	
P0A707	P03000	3.67981e-61	
P0A707	P07206	4.25777	
P0A707	P03422	0.693738	
P0A707	P07824	1.33805	
P0A707	O67135	9.68412	
P38935	O75604	6.74101	
P38935	P00282	4.59572	
P38935	Q8NWQ6	7.68402	
P38935	Q12888	9.24024	
Q8VDG3	P0A6Y8	6.06052	
Q8VDG3	P19466	1.50285	
Q8VDG3	Q9X6J6	1.16445	
Q8VDG3	Q8NWQ6	3.05805	
Q8VDG3	Q00722	1.983	
Q8VDG3	P46849	8.18056	
Q8VDG3	P38398	2.02729	
P52687	Q8VQD7	2.56647	
P52687	Q72JT8	8.74164	
P52687	P0AEC8	3.95364e-55	
P52687	P39625	4.48039	
P52687	Q5SGX1	7.50771	
P52687	Q8NWQ6	6.09508	
P52687	P18887	7.49059	
P0AEC8	P07254	0.016076	
P0AEC8	P52687	6.75119e-52	
P0AEC8	Q8K1S3	2.09891	
P0AEC8	Q02767	2.70051	
P0AEC8	Q8NWQ6	3.72927	
P20226	Q8VDG3	6.33999	
P20226	P13393	6.6635e-113	
P20226	Q9UWN7	2.56013e-39	
P20226	P40818	0.00100867	
P20226	P19438	9.36265	
P20226	Q8RR56	2.9464	
P20226	P16099	7.00684	
P13393	P20226	1.29029e-110	
P13393	Q9UWN7	1.61285e-45	
P13393	P19438	4.75006	
P13393	P0C6U8	6.12898	
P13393	Q12888	6.25589	
Q9UWN7	P32196	2.38355	
Q9UWN7	P20226	2.6082e-39	
Q9UWN7	P13393	1.32388e-45	
Q9UWN7	P43593	0.133313	
Q9UWN7	O33840	3.46954	
Q9UWN7	P05618	5.62463	
Q9UWN7	Q00722	4.40279	
Q9UWN7	P0AA25	3.93848	
Q9UWN7	P46849	0.0664196	
P04395	P07254	0.915776	
P04395	O15527	0.00253348	
P04395	P03706	1.78831	
P04395	Q96T60	2.67588	
P04395	P26646	5.51816	
P04395	O60016	5.82506	
P04395	Q5SGX1	1.34291	
P04395	Q8NWQ6	8.61516	
P04395	P74881	7.12264	
P04395	Q88KV1	3.36777	
P04395	P38398	0.587842	
O15527	P04395	0.00309947	
O15527	Q8K1S3	2.59118	
O15527	P55211	9.20115	
O15527	P03422	5.65755	
O15527	P74881	5.20399	
O15527	P83772	4.66545	
Q01532	Q13867	8.9892e-110	
Q01532	P00787	2.05954	
Q01532	P07858	2.24651	
Q13867	Q01532	8.46809e-110	
Q13867	P00787	4.0607	
Q13867	P07858	5.74913	
Q13867	Q8NWQ6	6.87945	
Q13867	P10688	7.59078	
Q13867	P63228	6.32543	
P00787	Q01532	1.44552	
P00787	Q13867	3.02544	
P00787	P07858	0.0	
P00787	P36924	1.07611	
P00787	Q09LX0	5.43204	
P00787	Q9ULZ3	3.54099	
P00787	Q99176	8.07997	
P00787	P74881	2.96358	
P00787	P10688	7.92822	
P00787	Q00722	9.34484	
P07858	P38935	3.7173	
P07858	Q01532	1.57674	
P07858	Q13867	4.28342	
P07858	P00787	0.0	
P07858	P00654	6.82145	
P07858	P36924	1.81077	
P07858	P07327	9.2686	
P07858	Q16878	6.22002	
P07858	P07598	8.94952	
P07858	P26222	7.63523	
P07858	P28632	2.91045	
P0CG48	P00327	5.41801	
P0CG48	P07327	7.01711	
P43593	Q9UWN7	0.337681	
P43593	P40818	2.57915e-06	
P43593	P54578	1.56203e-76	
P43593	O75604	1.25138e-06	
P43593	Q9Z297	5.11262	
P43593	Q8NWQ6	4.25734	
P43593	Q9HIW7	5.31716	
P43593	A9CKI6	4.2542	
P40818	P43593	8.35525e-06	
P40818	P54578	5.8589e-10	
P40818	O75604	5.4336e-78	
P40818	O43896	1.35304	
P40818	P26827	5.58839	
P40818	Q93HT9	6.91643	
P40818	P47096	1.76744	
P40818	Q9ZFV5	3.86825	
P40818	P07174	5.15599	
P40818	Q69ZQ2	3.54998	
P40818	P0C6U8	1.59374	
P40818	Q8NWQ6	0.284792	
P40818	Q00722	5.34863	
P40818	Q92547	0.419987	
P54578	P43593	4.71159e-74	
P54578	P40818	1.72308e-09	
P54578	O75604	7.63244e-06	
P54578	O43896	0.388684	
P54578	P19438	0.078624	
P54578	P22812	6.94826	
O75604	P38935	3.40546	
O75604	P43593	1.53037e-06	
O75604	P40818	4.2984e-79	
O75604	P54578	1.21114e-05	
O75604	Q8WWM9	8.35047	
O75604	A9CIQ1	9.37097	
O75604	P16099	2.16635	
P00698	P00703	1.95614e-103	
P00698	P00704	8.03445e-90	
P00698	P00702	5.94943e-101	
P00698	P00700	4.26744e-94	
P00698	P00701	1.71119e-104	
P00698	P61626	2.57869e-61	
P00698	P11376	3.01266e-45	
P00698	P81708	1.93822e-49	
P00698	P08905	2.29214e-53	
P00698	P37156	1.00057e-44	
P00698	P11941	3.12688e-59	
P00698	P12065	5.34543e-25	
P00698	P00709	4.82646e-29	
P00698	P00713	7.59651e-20	
P00698	P00712	5.30274e-31	
P00698	P00711	1.97356e-28	
P00698	P83391	3.6006	
P00698	P38398	6.80698	
P00703	P00698	1.95614e-103	
P00703	P00704	1.07624e-84	
P00703	P00702	1.94616e-100	
P00703	P00700	1.73463e-88	
P00703	P00701	1.7439e-100	
P00703	P61626	4.15709e-60	
P00703	P11376	1.45749e-42	
P00703	P81708	7.09886e-47	
P00703	P08905	1.44395e-51	
P00703	P37156	6.27132e-44	
P00703	P11941	2.18356e-57	
P00703	P12065	1.80031e-21	
P00703	P00709	3.79189e-26	
P00703	P00713	6.47611e-17	
P00703	P00712	1.71436e-28	
P00703	P00711	1.91917e-26	
P00703	P83391	5.41313	
P00703	A9CKI6	5.29997	
P00703	P38398	5.3411	
P00704	P00698	7.05064e-90	
P00704	P00703	9.44459e-85	
P00704	P00702	3.54312e-88	
P00704	P00700	2.32609e-90	
P00704	P00701	5.33206e-86	
P00704	P61626	6.10837e-53	
P00704	P11376	8.52918e-45	
P00704	P81708	7.89595e-49	
P00704	P08905	6.3823e-51	
P00704	P37156	2.00909e-43	
P00704	P11941	4.94071e-59	
P00704	P12065	3.96067e-23	
P00704	P00709	3.14067e-25	
P00704	P00713	3.43134e-17	
P00704	P00712	1.18444e-27	
P00704	P00711	3.53776e-25	
P00704	Q9HQM9	5.32914	
P00704	Q8NWQ6	2.35407	
P00704	P38398	6.24899	
P00702	P00698	5.94943e-101	
P00702	P00703	1.94616e-100	
P00702	P00704	4.03751e-88	
P00702	P00700	4.81925e-87	
P00702	P00701	6.81139e-99	
P00702	P61626	1.4537e-60	
P00702	P11376	1.92491e-45	
P00702	P81708	6.49366e-50	
P00702	P08905	1.29212e-54	
P00702	P37156	2.02181e-42	
P00702	P11941	1.2066e-59	
P00702	P12065	5.93081e-22	
P00702	P00709	1.49541e-25	
P00702	P00713	3.45613e-17	
P00702	P00712	1.82947e-28	
P00702	P00711	1.61432e-26	
P00702	P07206	7.73334	
P00702	P38398	5.3411	
P00700	P00698	3.74489e-94	
P00700	P00703	1.52223e-88	
P00700	P00704	2.32609e-90	
P00700	P00702	4.22914e-87	
P00700	P00701	8.49647e-90	
P00700	P61626	6.32887e-56	
P00700	P11376	5.04598e-45	
P00700	P81708	9.9359e-49	
P00700	P08905	2.08003e-52	
P00700	P37156	1.89305e-44	
P00700	P11941	3.39492e-58	
P00700	P12065	1.15642e-24	
P00700	P00709	1.0136e-26	
P00700	P00713	7.50843e-18	
P00700	P00712	3.26129e-29	
P00700	P00711	1.11746e-26	
P00700	Q9HQM9	6.10552	
P00700	P83391	3.12736	
P00700	P38398	9.40816	
P00701	P00698	1.71119e-104	
P00701	P00703	1.7439e-100	
P00701	P00704	6.07607e-86	
P00701	P00702	6.81139e-99	
P00701	P00700	9.68203e-90	
P00701	P61626	4.11184e-60	
P00701	P11376	9.28185e-45	
P00701	P81708	3.96229e-48	
P00701	P08905	9.24953e-54	
P00701	P37156	1.21804e-44	
P00701	P11941	8.748e-59	
P00701	P12065	6.08666e-25	
P00701	P00709	5.09517e-29	
P00701	P00713	2.71575e-19	
P00701	P00712	2.44819e-30	
P00701	P00711	6.70868e-28	
P00701	P0AA25	7.79772	
P00701	P38398	3.2271	
P61626	P00698	2.59624e-61	
P61626	P00703	4.18537e-60	
P61626	P00704	7.00805e-53	
P61626	P00702	1.46359e-60	
P61626	P00700	7.26103e-56	
P61626	P00701	4.13981e-60	
P61626	P11376	7.35852e-50	
P61626	P81708	3.81975e-52	
P61626	P08905	7.44847e-79	
P61626	P37156	3.52886e-44	
P61626	P11941	6.50268e-63	
P61626	P12065	3.76594e-26	
P61626	P00709	1.33552e-30	
P61626	P00713	2.67817e-22	
P61626	P00712	3.50639e-30	
P61626	P00711	8.37657e-31	
P61626	P03706	9.48261	
P61626	P00718	4.6627	
P61626	P00717	4.88304	
P61626	P07327	3.90121	
P61626	Q00722	4.56938	
P61626	P38398	6.75451	
P61626	P16099	9.17245	
P11376	P00698	2.64376e-45	
P11376	P00703	1.27902e-42	
P11376	P00704	8.52918e-45	
P11376	P00702	1.6892e-45	
P11376	P00700	5.04598e-45	
P11376	P00701	8.14529e-45	
P11376	P61626	6.41385e-50	
P11376	P81708	1.13924e-79	
P11376	P08905	4.32663e-50	
P11376	P37156	1.55594e-34	
P11376	P11941	5.24572e-48	
P11376	P12065	3.70583e-26	
P11376	P00709	1.44323e-28	
P11376	P00713	1.58187e-15	
P11376	P00712	5.61267e-29	
P11376	P00711	5.67394e-29	
P11376	P03706	7.89576	
P11376	P00717	3.66656	
P11376	P0AGC3	9.72829	
P11376	P22812	5.3313	
P11376	P55211	2.36985	
P11376	P0C6U8	2.83669	
P11376	O67135	6.93442	
P11376	Q92547	2.17502	
P81708	P00698	1.70089e-49	
P81708	P00703	6.22961e-47	
P81708	P00704	7.89595e-49	
P81708	P00702	5.69852e-50	
P81708	P00700	9.9359e-49	
P81708	P00701	3.47711e-48	
P81708	P61626	3.32938e-52	
P81708	P11376	1.13924e-79	
P81708	P08905	3.06708e-51	
P81708	P37156	5.28699e-36	
P81708	P11941	7.49546e-51	
P81708	P12065	1.37919e-26	
P81708	P00709	2.92214e-28	
P81708	P00713	3.06745e-14	
P81708	P00712	2.53766e-28	
P81708	P00711	6.82403e-29	
P81708	P03706	3.90892	
P81708	P74881	1.76852	
P81708	P14774	6.9558	
P08905	P00698	1.91875e-57	
P08905	P00703	1.08657e-55	
P08905	P00704	4.67627e-51	
P08905	P00702	8.39427e-59	
P08905	P00700	1.9814e-52	
P08905	P00701	5.10591e-58	
P08905	P61626	4.35284e-85	
P08905	P11376	3.69481e-50	
P08905	P81708	2.64784e-51	
P08905	P37156	1.23932e-43	
P08905	P11941	1.48291e-63	
P08905	P12065	2.03095e-26	
P08905	P00709	1.14735e-30	
P08905	P00713	1.65057e-22	
P08905	P00712	1.7957e-32	
P08905	P00711	1.41305e-33	
P08905	Q15796	7.5408	
P08905	P0A6Y8	1.53309	
P08905	O60016	1.94668	
P08905	P03422	3.4279	
P08905	P74881	9.40474	
P08905	P10688	7.95862	
P08905	P38398	6.51638	
P08905	Q92547	1.21273	
P37156	P00698	1.57228e-49	
P37156	P00703	5.90501e-49	
P37156	P00704	1.03842e-46	
P37156	P00702	3.30108e-47	
P37156	P00700	2.88005e-49	
P37156	P00701	1.60705e-49	
P37156	P61626	1.13014e-49	
P37156	P11376	2.23773e-41	
P37156	P81708	3.21927e-43	
P37156	P08905	1.73126e-49	
P37156	P11941	3.38356e-50	
P37156	P12065	7.50164e-33	
P37156	P00709	1.24105e-32	
P37156	P00713	3.69014e-21	
P37156	P00712	1.32322e-34	
P37156	P00711	2.18409e-34	
P37156	O43896	3.25436	
P37156	O33840	3.09985	
P37156	P04377	1.26911	
P37156	P0C6U8	7.68893	
P37156	Q92547	6.41707	
P11941	P00698	7.19699e-62	
P11941	P00703	5.55401e-60	
P11941	P00704	1.99173e-59	
P11941	P00702	1.85154e-62	
P11941	P00700	1.26771e-58	
P11941	P00701	1.92786e-61	
P11941	P61626	7.68747e-66	
P11941	P11376	2.52315e-48	
P11941	P81708	3.68342e-51	
P11941	P08905	1.44708e-64	
P11941	P37156	7.38045e-47	
P11941	P12065	4.77778e-26	
P11941	P00709	2.36256e-31	
P11941	P00713	3.9629e-22	
P11941	P00712	2.0515e-32	
P11941	P00711	1.57817e-33	
P11941	O43896	1.81595	
P11941	O60016	0.81183	
P11941	P03422	3.19674	
P11941	P14775	6.57572	
P11941	P16099	8.27119	
P12065	O15527	9.05222	
P12065	P00698	4.47271e-25	
P12065	P00703	1.50638e-21	
P12065	P00704	3.77645e-23	
P12065	P00702	4.96252e-22	
P12065	P00700	1.10264e-24	
P12065	P00701	5.09292e-25	
P12065	P61626	3.1298e-26	
P12065	P11376	3.53347e-26	
P12065	P81708	1.31504e-26	
P12065	P08905	1.28737e-26	
P12065	P37156	3.90337e-25	
P12065	P11941	4.21588e-26	
P12065	P00709	7.69331e-85	
P12065	P00713	6.52791e-52	
P12065	P00712	6.11713e-68	
P12065	P00711	1.06994e-67	
P12065	P0AGC3	7.94689	
P12065	O33840	7.84176	
P12065	O07615	0.580771	
P12065	Q12888	3.21867	
P12065	P38398	4.99462	
P00709	O15527	7.1758	
P00709	P00698	4.6623e-29	
P00709	P00703	3.66291e-26	
P00709	P00704	3.45717e-25	
P00709	P00702	1.44455e-25	
P00709	P00700	1.11575e-26	
P00709	P00701	4.92186e-29	
P00709	P61626	1.28138e-30	
P00709	P11376	1.58867e-28	
P00709	P81708	3.21662e-28	
P00709	P08905	6.58937e-30	
P00709	P37156	5.89048e-25	
P00709	P11941	2.6125e-29	
P00709	P12065	8.88171e-85	
P00709	P00713	6.27611e-63	
P00709	P00712	1.01167e-79	
P00709	P00711	3.49297e-79	
P00709	P0AGC3	4.75526	
P00709	O07615	0.618056	
P00709	P38398	1.43937	
P00713	P00698	4.37258e-24	
P00713	P00703	2.29587e-21	
P00713	P00704	2.59303e-20	
P00713	P00702	1.40071e-21	
P00713	P00700	7.18037e-22	
P00713	P00701	1.14125e-23	
P00713	P61626	2.1879e-27	
P00713	P11376	2.46832e-22	
P00713	P81708	1.20473e-21	
P00713	P08905	3.56086e-26	
P00713	P37156	8.52501e-23	
P00713	P11941	9.75826e-25	
P00713	P12065	6.2141e-61	
P00713	P00709	3.37384e-72	
P00713	P00712	3.91549e-68	
P00713	P00711	1.88381e-70	
P00713	P0AGC3	0.391179	
P00713	P47096	6.16554	
P00713	P55211	0.875218	
P00713	O66683	2.27159	
P00712	O15527	4.38586	
P00712	P00698	5.12237e-31	
P00712	P00703	1.65605e-28	
P00712	P00704	1.3038e-27	
P00712	P00702	1.76724e-28	
P00712	P00700	3.58994e-29	
P00712	P00701	2.36492e-30	
P00712	P61626	3.36423e-30	
P00712	P11376	6.17828e-29	
P00712	P81708	2.79339e-28	
P00712	P08905	4.10152e-31	
P00712	P37156	2.14698e-27	
P00712	P11941	3.91563e-30	
P00712	P12065	7.06205e-68	
P00712	P00709	1.01167e-79	
P00712	P00713	7.46601e-59	
P00712	P00711	2.13908e-101	
P00712	P0AGC3	0.177506	
P00712	O33840	3.5526	
P00712	Q8NWQ6	2.31075	
P00712	Q9BRA2	6.30786	
P00712	P38398	9.94751	
P00711	P00698	1.90644e-28	
P00711	P00703	1.85389e-26	
P00711	P00704	3.89428e-25	
P00711	P00702	1.55941e-26	
P00711	P00700	1.23007e-26	
P00711	P00701	6.4805e-28	
P00711	P61626	8.03698e-31	
P00711	P11376	6.24573e-29	
P00711	P81708	7.51172e-29	
P00711	P08905	2.3352e-32	
P00711	P37156	5.22575e-27	
P00711	P11941	3.40672e-31	
P00711	P12065	1.23521e-67	
P00711	P00709	3.49297e-79	
P00711	P00713	5.59305e-61	
P00711	P00712	2.13908e-101	
P00711	P0AGC3	0.177506	
P00711	P0C6U8	5.51316	
P00711	O14737	9.53392	
P00711	P74881	8.76561	
P00711	Q9HLW6	8.82428	
P00711	Q9BRA2	6.613	
P00711	P38398	2.41313	
P08037	O43896	5.44351	
P08037	Q08242	1.30921	
P08037	Q79FE1	1.11873	
P08037	O28835	1.58153	
P08037	P07824	0.0145613	
P08037	Q12888	6.44638	
P03706	P04395	1.00196	
P03706	O75604	5.08019	
P03706	P11376	9.67078	
P03706	P81708	4.78766	
P03706	P0AGC3	9.73436	
P03706	Q97DM1	2.75025	
P03706	Q8NWQ6	3.22231	
P03706	P0A3Y0	6.95601	
P03706	Q01381	1.82661	
P03706	P71447	7.25324	
P03706	P07987	9.49097	
P03706	P38398	9.72226	
P03706	P18887	6.67233	
P00720	P0A6W5	3.9743	
P00720	P16009	8.2701e-36	
P00720	Q15796	0.401212	
P00720	P0C6U8	6.7839	
P00720	Q8NWQ6	0.748418	
P00720	P37330	0.412992	
P00720	P07987	4.75036	
P16009	P00720	2.89958e-35	
P16009	P0A6Z1	0.0950212	
P16009	Q93HT9	2.43981	
P16009	P0C6U8	4.67583	
P16009	P04859	4.15154	
P16009	Q8NWQ6	1.25807	
P16009	A9CIQ1	0.598503	
Q37875	P0AGC3	6.05957	
Q37875	P05618	3.39957	
Q37875	Q8WTS6	8.75969	
Q37875	Q8K1S3	6.84111	
P00718	Q13867	8.91235	
P00718	P40818	8.29944	
P00718	P61626	5.82838	
P00718	P00717	1.29994e-136	
P00718	P0AGC3	1.54258	
P00718	P05618	3.88352	
P00718	P26827	0.450856	
P00718	P69328	5.4444	
P00718	P61493	9.12838	
P00718	P03422	8.77263	
P00718	P04859	9.42971	
P00718	Q9HQM9	7.83113	
P00718	P0A836	2.76457	
P00717	Q13867	8.44907	
P00717	P40818	8.67402	
P00717	P61626	6.1038	
P00717	P11376	5.25825	
P00717	P00718	1.29994e-136	
P00717	P0AGC3	1.59848	
P00717	P05618	4.47567	
P00717	P26827	0.435046	
P00717	P69328	5.54186	
P00717	Q9HQM9	8.37825	
P00717	P46849	6.80314	
P00717	P0A836	2.66742	
P0AGC3	P00713	1.77683	
P0AGC3	P00712	0.806278	
P0AGC3	P00711	0.806278	
P0AGC3	P00718	5.37819	
P0AGC3	P00717	5.57309	
P0AGC3	P0C6U8	2.5254	
Q53752	P54396	0.142365	
Q53752	P05798	6.01761e-38	
Q53752	P00649	0.000202809	
Q53752	P26827	8.40987	
Q53752	P12994	0.707583	
Q53752	Q9X0V2	1.10299	
Q53752	Q93HT9	1.83586	
Q53752	Q09LX0	1.85616	
Q53752	Q97DM1	9.6733	
Q53752	Q57265	6.86699	
Q53752	Q9ULZ3	9.13676	
Q53752	Q9CQM5	0.898391	
Q53752	Q9BRA2	5.15159	
Q53752	P18887	0.0338527	
P05798	Q53752	6.18109e-38	
P05798	P00649	0.00195928	
P05798	Q93HT9	9.85157	
P05798	Q8NWQ6	6.66272	
P00649	Q53752	0.000217609	
P00649	P05798	0.00330628	
P00649	Q9JLV6	1.9185	
P00649	P26827	5.42733	
P00649	P00327	4.14954	
P00649	P07327	8.60818	
P00649	Q9X0V2	0.300078	
P00649	P0C6U8	3.47992	
P00649	P74881	5.74152	
P00651	P43593	5.09682	
P00651	P10282	2.6995e-43	
P00651	P00655	0.00110921	
P00651	P67876	1.66603	
P00651	P00654	3.46309e-12	
P00651	O33840	1.08051	
P00651	P05618	6.22002	
P00651	Q09LX0	9.8987	
P00651	P0C6U8	4.61696	
P00651	P29898	2.80467	
P00651	P63228	6.54297	
P00651	Q92547	7.21662	
P10282	P43593	8.84614	
P10282	P00651	4.78777e-40	
P10282	P00655	9.08353e-05	
P10282	P67876	0.432102	
P10282	P00654	2.15411e-10	
P10282	Q15797	0.212148	
P10282	O33840	1.36594	
P10282	Q97DM1	2.40239	
P10282	Q8NWQ6	0.658533	
P10282	P07987	7.2001	
P10282	Q92547	1.79318	
P00655	P00651	0.491161	
P00655	P10282	0.000122732	
P00655	P67876	1.81588e-113	
P00655	P00654	0.00200902	
P00655	O33840	5.85062	
P00655	P12994	3.34039	
P00655	O07615	8.89321	
P00655	O60016	8.01537	
P00655	P38507	2.14648	
P00655	Q8NWQ6	2.56635	
P67876	P38935	6.74658	
P67876	P0AGC3	9.89774	
P67876	P00651	3.10158	
P67876	P10282	0.580534	
P67876	P00655	1.80562e-113	
P67876	P00654	0.0058352	
P67876	Q15797	9.12528	
P67876	Q96T60	9.06195	
P67876	Q9ZFV5	6.39763	
P67876	P0C6U8	7.63787	
P67876	Q8NWQ6	3.89109	
P00654	P38935	8.62591	
P00654	P07858	2.29394	
P00654	P00651	2.13887e-12	
P00654	P10282	1.87457e-10	
P00654	P00655	0.00129395	
P00654	P67876	0.00377962	
P00654	O33840	1.13867	
P00654	Q27084	0.0319085	
P00654	Q9X0V2	5.05411	
P00654	Q8K1S3	1.79291	
P00654	P22812	4.60163	
P00654	Q8NWQ6	3.13637	
P00654	P10688	2.48092	
P00654	P07987	5.98027	
P00654	O66529	5.19844	
P00654	Q92547	8.41915	
P00654	P16099	1.24053	
P84022	Q9BS40	1.55718	
P84022	Q9UWN7	6.42339	
P84022	P16009	8.41204	
P84022	Q15796	0.0	
P84022	Q15797	0.0	
P84022	P00327	3.51149	
P84022	P39594	1.9431	
P84022	P37330	1.58174	
Q15796	Q9BS40	1.78281	
Q15796	Q9UWN7	9.49116	
Q15796	P00720	1.21724	
Q15796	P84022	0.0	
Q15796	Q15797	0.0	
Q15796	P00327	6.69967	
Q15796	P55211	8.38909	
Q15796	Q8NWQ6	3.53168	
Q15796	P0AB52	2.97429	
Q15797	P10282	0.661053	
Q15797	P84022	0.0	
Q15797	Q15796	0.0	
Q15797	P07327	9.84587	
Q15797	O60016	3.42578	
Q15797	Q8NWQ6	3.82579	
Q15797	P61711	1.87645	
Q96T60	P04395	4.94373	
Q96T60	Q9JLV6	0.0	
Q96T60	P30086	4.79833	
Q96T60	P09394	0.346413	
Q96T60	P63228	0.000465683	
Q96T60	Q8RR56	0.366896	
Q96T60	P16099	4.01645	
Q9JLV6	P00649	6.18183	
Q9JLV6	Q96T60	0.0	
Q9JLV6	Q8WVQ1	6.98824	
Q9JLV6	P22812	2.96732	
Q9JLV6	Q8NWQ6	7.97818	
Q9JLV6	Q9D967	0.2227	
Q9JLV6	P63228	0.00192054	
Q9JLV6	Q8RR56	1.80272	
Q9JLV6	Q12888	2.40954	
Q9JLV6	P16099	4.20118	
O43896	Q8VQD7	8.39979	
O43896	Q72JT8	9.92692	
O43896	P38935	7.82266	
O43896	P40818	1.85647	
O43896	P54578	1.23176	
O43896	P08037	2.48914	
O43896	P84022	9.91096	
O43896	P19120	2.10558	
O43896	P07206	5.51767	
O43896	P30086	1.0027	
O43896	Q99YR7	1.18852	
O43896	P63018	2.06845	
O43896	P04859	6.09738	
O43896	Q8NWQ6	0.667206	
P0A6Z1	P16009	0.0902839	
P0A6Z1	P0A6Y8	3.50644e-148	
P0A6Z1	P32589	7.69546e-43	
P0A6Z1	P19120	3.24662e-127	
P0A6Z1	P05618	1.23381	
P0A6Z1	P26646	8.64111	
P0A6Z1	P63018	2.36401e-127	
P0A6Z1	Q8NWQ6	0.95399	
P0A6Z1	P26222	2.28773	
P0A6Y8	Q8VDG3	6.692	
P0A6Y8	P0A6Z1	5.38375e-147	
P0A6Y8	P32589	1.71857e-56	
P0A6Y8	P19120	0.0	
P0A6Y8	P63018	0.0	
P0A6Y8	Q8NWQ6	0.0772156	
P0A6Y8	P14774	3.18463	
P0A6Y8	Q00722	0.266562	
P0A6Y8	Q12888	6.71043	
P32589	P0A6Z1	5.66278e-43	
P32589	P0A6Y8	1.12779e-56	
P32589	P19120	3.8853e-74	
P32589	P36924	0.842236	
P32589	P12994	3.99861	
P32589	P63018	3.81048e-74	
P32589	Q9HQM9	5.38151	
P32589	Q8NWQ6	1.71995	
P32589	P74881	1.14655	
P19120	P0A6Z1	1.72826e-126	
P19120	P0A6Y8	0.0	
P19120	P32589	9.24802e-73	
P19120	P26827	5.63824	
P19120	P60334	5.47129	
P19120	Q16878	5.66846	
P19120	P63018	0.0	
P19120	Q8NWQ6	1.08502	
P19120	Q79FE1	3.85343	
P07206	O15527	9.15928	
P07206	O33840	2.99985e-48	
P07206	P26827	5.62761	
P07206	P69328	8.29759	
P07206	P07174	4.97617	
P07206	P0C6U8	2.63533	
P07206	Q12888	0.115883	
O33840	P00651	8.26907	
O33840	P10282	8.79	
O33840	P00654	7.73977	
O33840	O43896	8.07983	
O33840	P07206	2.51353e-48	
O33840	P05618	1.57859	
O33840	P26827	0.0768198	
O33840	P39625	4.26023	
O33840	P0C6U8	7.95549	
O33840	Q12888	1.01103	
O33840	P16099	4.90706	
P05618	P0A6Z1	1.38013	
P05618	O33840	1.36968	
P05618	P36924	1.50102e-06	
P05618	P26827	0.0	
P05618	P69328	9.75642e-16	
P05618	P0C6U8	1.18265	
P05618	Q8NWQ6	2.89702	
P36924	P00787	1.73321	
P36924	P07858	2.91646	
P36924	P32589	0.669285	
P36924	P05618	1.16939e-06	
P36924	P26827	3.67186e-08	
P36924	P69328	0.00027142	
P36924	P00282	1.37125	
P36924	Q97DM1	2.20419	
P36924	Q8K1S3	6.91378	
P36924	P37330	3.05752	
P36924	O28835	2.924	
P26827	P00718	1.73031	
P26827	P00717	1.66964	
P26827	P19120	6.59377	
P26827	P07206	3.95683	
P26827	O33840	0.0692615	
P26827	P05618	0.0	
P26827	P36924	4.77476e-08	
P26827	P69328	1.5975e-17	
P26827	P63018	6.53352	
P26827	Q8NWQ6	4.39783	
P26827	P07273	9.235	
P69328	P07206	4.39942	
P69328	P05618	1.05929e-15	
P69328	P36924	0.00039102	
P69328	P26827	3.21075e-18	
P69328	P17413	5.16185	
P69328	Q9ULZ3	7.51741	
P69328	P0C6U8	4.08939	
P69328	Q8NWQ6	4.2292	
P69328	P18887	4.94427	
P22364	P16009	9.10638	
P22364	P04377	2.64386e-06	
P22364	P0C6U8	5.55644	
P04377	P37156	1.98822	
P04377	O43896	8.22977	
P04377	P22364	1.95136e-06	
P04377	P00327	3.89158	
P04377	P07327	4.30108	
P04377	P0C6U8	1.75357	
P04377	P74881	5.42324	
P00282	P01034	4.54215	
P00282	P38935	0.770803	
P00282	P0CG48	3.32775	
P00282	P16009	1.97696	
P00282	P00655	6.12773	
P00282	P36924	0.315288	
P00282	Q27084	6.45177	
P00282	Q02767	9.12043	
P00282	Q8NWQ6	0.0631238	
P00282	P14775	9.72733	
P00282	Q99633	2.87821	
P00282	O28835	2.2942	
P00282	P56968	9.42662	
P30086	Q01532	8.03406	
P30086	Q96T60	1.72224	
P30086	Q9JLV6	4.23226	
P30086	P12994	0.000169865	
P30086	P14306	1.66672e-14	
P30086	Q8NWQ6	4.7193	
P30086	P10688	5.95024	
P30086	P63228	0.358503	
P30086	P0AA25	2.54788	
P12994	P62942	8.19793	
P12994	P18203	3.34806	
P12994	P00655	2.98182	
P12994	P32589	0.911661	
P12994	P30086	0.000143522	
P12994	P14306	0.000836289	
P12994	P38540	0.429075	
P12994	P37330	1.57119	
P12994	P84066	7.61375	
P14306	P0AEC8	5.40506	
P14306	P36924	9.66665	
P14306	P30086	1.95194e-14	
P14306	P12994	0.00115916	
P14306	Q12888	8.5822	
P14306	P38398	6.42508	
P61493	P00718	4.9836	
P61493	P00717	6.38583	
P61493	P0A6F9	1.40216e-29	
P61493	Q97DM1	9.47077	
P61493	Q8NWQ6	2.85115	
P61493	P07987	6.03163	
P61493	P38398	5.43092	
P17313	P14306	6.02275	
P17313	P0C6U8	8.10066	
P17313	Q8NWQ6	8.28857	
P17313	O14737	2.32666	
P17313	P14774	8.1198	
P17313	P22868	4.27349	
P17313	P61711	5.31983	
P17313	Q92547	8.35712	
P17313	P16099	9.36243	
P0A6F9	P01034	3.58708	
P0A6F9	P20226	8.52302	
P0A6F9	P07858	6.59606	
P0A6F9	P22364	8.93264	
P0A6F9	P61493	1.34663e-29	
P0A6F9	Q8WVQ1	4.6267	
P0A6F9	Q9X6J6	8.52556	
P0A6F9	P0C6U8	7.71731	
P0A6F9	P83772	0.205443	
P00327	P0CG48	2.96607	
P00327	P00649	9.60541	
P00327	P84022	3.26406	
P00327	Q15796	3.64266	
P00327	P04377	8.33216	
P00327	P07327	0.0	
P00327	O07615	3.03194	
P00327	P39625	7.82022	
P00327	Q00722	3.42107	
P00327	Q8RR56	3.15904	
P00327	P28632	1.521	
P26646	P04395	6.34002	
P26646	P0A6Z1	4.06088	
P26646	O07615	3.10713e-93	
P26646	P07174	2.35949	
P26646	Q9HIW7	3.31232	
P07327	P0CG48	3.84148	
P07327	P61626	9.88482	
P07327	P84022	9.91329	
P07327	Q15797	8.14927	
P07327	P0A6Z1	8.40838	
P07327	P32589	7.40286	
P07327	P04377	9.20959	
P07327	P00327	0.0	
P07327	O07615	0.0639411	
P07327	P39625	6.57113	
P07327	P55211	3.67324	
P07327	P38507	6.1927	
P07327	Q00722	4.78093	
P07327	P07824	3.95648	
P07327	P28632	0.240422	
O07615	P12065	0.824029	
O07615	P00709	0.100753	
O07615	Q96T60	8.67176	
O07615	P00327	2.73895	
O07615	P26646	2.44494e-101	
O07615	P07327	0.00781008	
O07615	Q8K1S3	3.84219	
O07615	P0C6U8	1.57053	
O07615	A9CJW3	0.0172781	
O07615	O66529	8.02815	
Q27084	P00654	0.0713742	
Q27084	P26827	7.47678	
Q27084	Q8WVQ1	2.16885	
Q9X0V2	P08037	7.06778	
Q9X0V2	Q53752	2.62098	
Q9X0V2	P00649	0.60386	
Q9X0V2	Q09LX0	0.134753	
Q9X0V2	Q97DM1	1.06668	
Q9X0V2	Q8WVQ1	5.63218	
Q9X0V2	P74881	6.68126	
Q93HT9	P40818	1.93635	
Q93HT9	P16009	1.3281	
Q93HT9	Q53752	5.1115	
Q93HT9	P32589	7.6673	
Q93HT9	Q09LX0	9.73166e-09	
Q93HT9	Q97DM1	8.07358e-08	
Q93HT9	Q9ZFV5	4.53288	
Q93HT9	Q8K1S3	6.534	
Q93HT9	Q8NWQ6	2.50053	
Q09LX0	P00787	8.57269	
Q09LX0	Q9X0V2	0.221144	
Q09LX0	Q93HT9	1.6634e-08	
Q09LX0	Q97DM1	0.0	
Q09LX0	Q92547	0.929809	
Q97DM1	P03706	9.27775	
Q97DM1	P10282	9.7746	
Q97DM1	P36924	2.15171	
Q97DM1	Q9X0V2	1.74399	
Q97DM1	Q93HT9	1.37483e-07	
Q97DM1	Q09LX0	0.0	
Q97DM1	Q00722	6.36995	
Q97DM1	P64618	0.16098	
Q97DM1	Q92547	9.44997	
Q8WVQ1	Q9JLV6	5.36836	
Q8WVQ1	Q27084	3.41062	
Q8WVQ1	Q9X0V2	6.92793	
Q8WVQ1	P04859	6.55427	
Q8WVQ1	P74881	4.49351	
Q8WVQ1	P18887	4.16242	
Q1LCS4	P32589	3.91512	
Q1LCS4	Q09LX0	5.3783	
Q1LCS4	P47096	3.31737e-35	
Q1LCS4	P07174	6.98942	
Q1LCS4	Q5SGX1	6.55624	
Q1LCS4	P03422	2.59395	
Q1LCS4	P60472	4.69328	
Q1LCS4	Q9BRA2	6.45551	
Q1LCS4	Q12888	3.62152	
P47096	Q13867	9.50892	
P47096	P43593	4.26247	
P47096	P40818	0.292621	
P47096	P0A6Y8	4.28172	
P47096	P07206	6.30549	
P47096	P07327	5.4835	
P47096	Q1LCS4	3.37456e-35	
P47096	Q8NWQ6	8.6832	
P47096	P38398	0.380798	
Q87K41	P47096	9.98408	
Q87K41	Q8NWQ6	3.45556	
Q87K41	P07987	4.46702	
Q9ZFV5	P38935	6.09631	
Q9ZFV5	P40818	0.738708	
Q9ZFV5	P67876	8.3242	
Q9ZFV5	Q15796	3.38231	
Q9ZFV5	P19120	6.88075	
Q9ZFV5	Q93HT9	3.31638	
Q9ZFV5	P35751	1.92883	
Q9ZFV5	P63018	6.93786	
Q9ZFV5	P0C6U8	0.700024	
Q9ZFV5	Q56185	8.88944	
Q9ZFV5	P22868	7.1161	
Q9ZFV5	Q12888	6.36449	
Q9ZFV5	Q92547	7.99229	
P60334	P28325	2.02446	
P60334	P07858	6.84867	
P60334	P19120	1.72877	
P60334	Q09LX0	4.99592	
P60334	Q97DM1	9.35763	
P60334	Q16878	3.68013e-147	
P60334	P39625	2.40881	
P60334	P19438	5.91381	
P60334	Q5SGX1	7.86655	
P60334	P63018	1.69749	
P60334	Q8NWQ6	9.6491	
Q16878	P28325	1.21494	
Q16878	P00787	7.82763	
Q16878	P07858	3.66963	
Q16878	P19120	1.72877	
Q16878	P60334	3.68013e-147	
Q16878	P19438	8.65686	
Q16878	Q5SGX1	8.89891	
Q16878	P63018	1.71258	
Q16878	Q8NWQ6	8.17153	
Q16878	Q56185	2.30377	
P19466	Q8VDG3	0.139749	
P19466	O43896	1.77812	
P19466	Q9X6J6	9.98457e-39	
P19466	A9CJW3	0.3598	
Q9X6J6	Q8VDG3	0.111115	
Q9X6J6	P00718	4.98795	
Q9X6J6	P00717	4.89042	
Q9X6J6	P36924	7.60279	
Q9X6J6	P0A6F9	6.50403	
Q9X6J6	P19466	9.85144e-39	
Q9X6J6	P0C6U8	0.864473	
Q9X6J6	P10688	4.31277	
Q9X6J6	Q8U192	5.70687	
Q9X6J6	A9CJW3	1.45132	
P39625	P52687	3.19016	
P39625	Q13867	7.80025	
P39625	O33840	1.90131	
P39625	P00327	7.38285	
P39625	P07327	6.36766	
P39625	P60334	5.2738	
P39625	Q57265	2.18899e-55	
P39625	Q69ZQ2	5.71566	
P39625	Q02767	3.71154	
P39625	P37330	7.38239	
P39625	P22868	3.50316	
Q57265	P39625	4.02255e-50	
Q57265	P39594	0.769715	
Q57265	P28632	2.39066	
Q57265	P16099	0.0173904	
P35751	P11941	5.16693	
P35751	P16009	4.22445	
P35751	Q9ZFV5	0.539062	
Q8WTS6	O43896	2.09897	
Q8WTS6	P19438	1.01905	
Q8WTS6	Q8K1S3	3.30659	
Q8WTS6	P0C6U8	2.60186	
Q8WTS6	A9CJW3	7.83771	
Q8WTS6	P26222	8.95799	
Q8WTS6	P38398	2.42422	
O60016	P08905	9.43578	
O60016	P11941	4.32191	
O60016	Q15797	3.60996	
O60016	Q8NWQ6	3.79756	
O60016	P09394	7.78333	
P06148	P38935	1.54059	
P06148	P07858	5.49608	
P06148	P54578	7.32614	
P06148	Q8WWM9	5.08508e-06	
P06148	P0C6U8	7.15709	
P06148	Q8NWQ6	6.69516	
P06148	Q56185	7.36869	
P06148	P22868	8.01333	
P06148	Q12888	1.94434	
Q8WWM9	P00787	8.89915	
Q8WWM9	O75604	3.18792	
Q8WWM9	Q15797	7.34938	
Q8WWM9	Q9JLV6	7.11315	
Q8WWM9	P07206	6.95781	
Q8WWM9	P06148	9.19852e-07	
Q8WWM9	Q8NWQ6	2.56218	
Q8WWM9	P34024	1.62046	
Q8WWM9	Q8RR56	4.38963	
Q8WWM9	Q12888	0.292248	
P72508	P40818	8.26948	
P72508	Q8WVQ1	9.17921	
P72508	Q7SIF9	5.35626e-67	
P72508	P0C6U8	7.86593	
P72508	Q8NWQ6	5.36048	
Q7SIF9	P30922	4.98338	
Q7SIF9	P0AGC3	3.71634	
Q7SIF9	O43896	8.52597	
Q7SIF9	P69328	8.80319	
Q7SIF9	P72508	5.51196e-67	
P17413	P69328	1.74887	
P17413	P0A0A5	6.75897	
P17413	P22868	7.63209	
P07174	P07206	0.62101	
P07174	P26646	3.3769	
P07174	P19438	7.39475e-09	
P07174	P03422	9.60348	
P19438	P54578	0.0717938	
P19438	O75604	0.630443	
P19438	Q8WTS6	1.21302	
P19438	P07174	1.1857e-08	
P19438	P55211	0.331153	
Q8K1S3	P0AEC8	3.94437	
Q8K1S3	O15527	6.40042	
Q8K1S3	Q8WTS6	8.4644	
Q8K1S3	P56968	2.341	
Q8K1S3	Q12888	4.20445	
P22812	P54578	6.01316	
P22812	Q9JLV6	2.64897	
P22812	Q99YR7	6.7976	
P22812	Q8NWQ6	6.37658	
P22812	Q79FE1	3.72987	
P22812	O82827	2.173	
Q9ULZ3	P00787	1.87932	
Q9ULZ3	O43896	6.72189	
Q9ULZ3	P26827	3.38007	
Q9ULZ3	P69328	1.77132	
Q9ULZ3	Q8NWQ6	3.08845	
Q9ULZ3	P10688	0.129559	
Q9ULZ3	P38398	1.84398	
P55211	Q9BS40	3.16754	
P55211	P11376	7.64231	
P55211	Q15796	7.47293	
P55211	P07327	3.76845	
P55211	P19438	7.91125	
P55211	P56968	5.23339	
P55211	P18887	0.979771	
Q9Z297	P43593	1.19235	
Q9Z297	P0C6U8	3.67687	
Q9Z297	Q56185	4.03243	
P0A0A5	P55211	5.9334	
P0A0A5	Q8NWQ6	0.602475	
P0A0A5	P14775	3.56485	
P0A0A5	Q00722	1.02914	
P0A0A5	P37330	0.884277	
P0A0A5	P60472	0.482182	
P0A0A5	P38398	2.10186	
Q5SGX1	P04395	3.73825	
Q69ZQ2	P40818	0.904958	
Q69ZQ2	P39625	5.53369	
Q69ZQ2	Q9CQM5	4.54694	
Q69ZQ2	P16099	8.98513	
Q02767	P0AEC8	1.20354	
Q02767	P19120	9.68592	
Q02767	P39625	2.5167	
Q02767	P63018	9.51343	
Q02767	Q8NWQ6	0.718097	
Q02767	P74881	5.24084	
Q02767	Q00722	0.018059	
Q99176	P00787	5.0768	
Q99176	P40818	2.93748	
Q99176	Q96T60	5.14244	
Q99176	Q9JLV6	4.62675	
Q99176	P0A6Z1	8.62838	
Q99176	P69328	5.77439	
Q99176	P14775	4.35425	
Q99176	O67135	1.65611	
Q99176	P18887	6.29987	
Q99YR7	P43593	7.69508	
Q99YR7	O43896	0.122564	
Q99YR7	P69328	5.34817	
Q99YR7	P0C6U8	8.01878	
Q99YR7	P03422	2.95383	
P63018	P0A6Z1	1.86003e-126	
P63018	P0A6Y8	0.0	
P63018	P32589	5.87369e-73	
P63018	P19120	0.0	
P63018	P26827	5.59989	
P63018	P60334	5.38668	
P63018	Q16878	5.53164	
P63018	Q8NWQ6	0.822084	
P63018	Q79FE1	3.86164	
P0C6U8	P40818	9.59428	
Q08242	P40818	1.17345	
Q08242	P08037	0.534105	
Q08242	Q8NWQ6	3.89813	
Q08242	P84066	8.77824	
Q08242	Q92547	3.93524	
P03422	P0A707	6.53632	
P03422	P52687	1.81756	
P03422	O15527	7.96141	
P03422	Q1LCS4	7.0993	
P03422	P10688	3.64766	
P03422	P07987	0.555022	
P03422	Q8RR56	3.07393	
P04859	P16009	4.101	
P04859	O43896	6.15304	
P04859	Q8WVQ1	9.28386	
P04859	Q8NWQ6	8.12889	
P04859	P60472	4.92006	
P04859	P38398	9.22851	
Q9HQM9	P00704	3.80063	
Q9HQM9	P00700	4.35433	
Q9HQM9	P00718	3.8944	
Q9HQM9	P00717	4.16648	
Q9HQM9	P32589	0.756987	
Q9HQM9	P0C6U8	0.368785	
Q9HQM9	Q8NWQ6	8.26501	
Q9HQM9	Q82XT5	5.54813	
Q9HQM9	P10688	1.6739	
Q9HQM9	Q12888	1.96821	
Q9HQM9	P16099	0.860293	
P38507	P00655	5.7867	
P38507	Q15797	8.52679	
P38507	P36924	6.84067	
P38507	P07327	8.10369	
P38507	Q8NWQ6	0.00103764	
P38507	P74881	0.151039	
P38507	A9CIQ1	5.61376	
P38507	P83772	0.896172	
Q8NWQ6	O43896	6.40777	
Q8NWQ6	P0A6Y8	0.978425	
Q8NWQ6	P00282	5.21462	
Q8NWQ6	P38507	0.0172117	
Q8NWQ6	Q00722	7.24822	
Q8NWQ6	P38398	5.32329	
Q8NWQ6	Q92547	2.0751	
P07273	P26827	4.01918	
P07273	Q8NWQ6	2.79878	
P07273	Q12888	7.16554	
O14737	P00711	8.39254	
O14737	O43896	7.55981	
O14737	P17313	2.62012	
O14737	Q8NWQ6	6.86285	
O14737	Q8RR56	4.69339	
P74881	P32589	2.21651	
P74881	Q8NWQ6	2.26519	
P38540	P12994	0.247125	
P38540	P0A0A5	6.17441	
P38540	Q8NWQ6	3.24131	
P38540	P74881	8.40453	
P38540	P29898	2.55767e-38	
P38540	P14775	1.74781e-38	
P38540	P00101	6.0812	
P38540	P37330	8.56898	
P29898	P38935	2.07831	
P29898	Q8K1S3	4.622	
P29898	P38540	2.89494e-38	
P29898	P14775	2.82038e-40	
P29898	P00101	5.0666	
P29898	P28632	3.62819	
P14775	P40818	6.80962	
P14775	P11941	5.91095	
P14775	Q8K1S3	8.74429	
P14775	P0A0A5	8.53471	
P14775	Q99176	1.96248	
P14775	Q8NWQ6	1.41632	
P14775	P38540	1.84385e-38	
P14775	P29898	2.62871e-40	
P14775	P00101	9.6502	
P14775	P14774	5.88534	
P14775	P37330	8.02265	
P14775	Q8RR56	6.06611	
O66683	P07254	7.10077	
O66683	P03000	7.77231	
O66683	P00713	1.2768	
O66683	P32589	5.02891	
O66683	Q8NWQ6	0.483464	
O66683	P74881	3.7389	
O66683	P10688	2.62318	
O66683	Q00722	2.8493	
P07598	Q9BS40	0.184574	
P07598	P07858	9.58642	
P07598	P07206	5.31574	
P07598	Q8K1S3	8.15884	
P07598	Q8NWQ6	1.694	
P07598	P10688	0.215668	
P07598	P16099	4.90912	
Q7X0F0	O43896	1.21124	
Q7X0F0	Q99633	0.311205	
Q7X0F0	P09394	4.02829	
A9CIQ1	P62942	2.79697	
A9CIQ1	P18203	2.85215	
A9CIQ1	P07254	1.04724	
A9CIQ1	O75604	2.17852	
A9CIQ1	P16009	0.098883	
A9CIQ1	Q96T60	2.03754	
A9CIQ1	Q9X0V2	6.90032	
A9CIQ1	P38507	1.10143	
A9CIQ1	P26222	7.64993	
Q56185	P40818	3.48641	
Q56185	Q9ZFV5	7.68607	
Q56185	Q16878	2.28073	
Q56185	Q9Z297	6.14171	
Q56185	Q12888	9.34532	
Q56185	P18887	5.5142	
P82599	P30922	9.0713	
P82599	P22812	4.16429	
P82599	P0C6U8	3.39485	
P82599	Q8NWQ6	3.40869	
P82599	P0A3Y0	0.0556502	
P82599	P83391	5.43227	
P82599	P63228	7.9919	
P82599	O66529	7.86169	
P0A3Y0	P03706	3.83021	
P0A3Y0	P0A6Z1	1.5504	
P0A3Y0	O33840	6.94245	
P0A3Y0	P07174	8.19987	
P0A3Y0	Q9ULZ3	7.36061	
P0A3Y0	P82599	0.0526257	
P0A3Y0	P83391	6.52977e-30	
P0A3Y0	P00094	6.19292	
P0A3Y0	P00101	0.0113437	
P0A3Y0	P14774	0.122208	
P0A3Y0	Q12888	1.8941	
P83391	P0CG48	3.38153	
P83391	P00698	2.22895	
P83391	P00703	3.35098	
P83391	P00700	2.20612	
P83391	P32589	7.06773	
P83391	Q8NWQ6	0.895014	
P83391	P82599	5.37322	
P83391	P0A3Y0	6.82999e-30	
P83391	P00101	0.504731	
P83391	P14774	0.0421861	
P00094	P0A6W5	3.96336	
P00094	P30922	1.1976	
P00094	Q8VDG3	4.52703	
P00094	P00720	3.86723	
P00094	P29898	0.6688	
P00094	P14775	0.108973	
P00094	P0A3Y0	1.60209	
P00094	P22868	6.93569	
P00094	P56968	7.69554	
P00101	P38935	6.24262	
P00101	Q53752	6.62506	
P00101	P38540	6.94995	
P00101	P29898	5.11579	
P00101	P0A3Y0	0.0135603	
P00101	P83391	0.576835	
P00101	P14774	0.662362	
P00101	Q8U192	8.36122	
P00101	P0AA25	2.34851	
Q01381	P03706	1.78037	
Q01381	Q8NWQ6	7.56613	
P14774	P0A6Y8	1.47865	
P14774	P0A3Y0	0.276724	
P14774	P83391	0.0913259	
P14774	P00101	1.25467	
P14774	A9CJW3	2.23877	
P14774	Q92547	6.66006	
P14774	P16099	3.72005	
Q99633	P32589	8.1661	
Q99633	P00282	5.5936	
Q99633	Q7X0F0	1.54129	
Q99633	Q9D967	1.26397	
Q99633	Q9HIW7	2.0027	
Q99633	P60472	9.2817	
Q79FE1	P01034	7.00772	
Q79FE1	P40818	4.57249	
Q79FE1	P0A6Y8	5.65872	
Q79FE1	P19120	1.19167	
Q79FE1	P05618	2.91373	
Q79FE1	P22812	3.98533	
Q79FE1	P63018	1.2016	
Q79FE1	Q8NWQ6	1.18572	
Q79FE1	Q9D967	1.51543	
Q79FE1	Q12888	9.01279	
Q88KV1	P04395	2.4482	
Q88KV1	Q09LX0	0.452016	
Q88KV1	Q8K1S3	9.37242	
Q88KV1	P0C6U8	0.173316	
Q88KV1	P10688	4.57627	
Q88KV1	P60472	3.90833	
Q82XT5	P0A707	5.84409	
Q82XT5	P38935	5.99753	
Q82XT5	Q9HQM9	5.72904	
Q82XT5	Q8NWQ6	1.69372	
Q82XT5	P10688	0.254047	
P10688	Q8NWQ6	3.59741	
P10688	P07598	0.383964	
P10688	Q82XT5	1.81819	
P10688	Q00722	1.82455e-96	
P10688	P34024	0.321939	
Q00722	P30922	2.70364	
Q00722	Q8VDG3	4.27799	
Q00722	P0A0A5	2.87888	
Q00722	Q02767	0.0788818	
Q00722	Q8NWQ6	0.874558	
Q00722	P10688	1.11352e-91	
Q00722	P37330	5.02577	
Q00722	P60472	7.59728	
Q00722	A9CKI6	1.52267	
Q00722	P07824	3.04964	
Q00722	Q8RR56	2.91806	
Q00722	P83772	2.43164	
Q00722	P16099	2.6398	
P34024	P0C6U8	8.17608	
P34024	P74881	2.6129	
P34024	Q00722	6.77382	
P34024	P60472	9.86379	
P09394	Q96T60	0.238034	
P09394	Q9JLV6	4.98944	
P09394	P26827	5.46872	
P09394	O60016	5.68659	
P39594	Q9V3D4	8.88577	
P39594	P84022	0.95398	
P39594	Q57265	0.489618	
P39594	Q8U192	2.48338e-35	
P39594	O82827	6.46366	
Q8U192	O75604	7.73366	
Q8U192	P0C6U8	9.12267	
Q8U192	P03422	9.40593	
Q8U192	P39594	2.31559e-35	
Q8U192	Q9D967	7.08219	
Q8U192	O28835	3.74398	
Q8U192	P83772	4.89688	
Q8U192	P18887	4.22518	
P37330	P00720	1.82069	
P37330	P84022	2.78492	
P37330	O33840	9.92814	
P37330	P36924	4.0487	
P37330	P12994	7.18969	
P37330	P0A0A5	1.45816	
P37330	P0C6U8	6.39815	
P37330	Q8NWQ6	5.82844	
P37330	Q00722	2.3571	
P37330	Q92547	8.09431	
A9CJW3	Q9BS40	8.77761	
A9CJW3	O43896	4.88331	
A9CJW3	O07615	1.22892	
A9CJW3	P19466	1.09859	
A9CJW3	Q9X6J6	4.49124	
A9CJW3	Q8WTS6	4.90392	
A9CJW3	Q8NWQ6	9.19372	
A9CJW3	P14774	2.60243	
A9CJW3	P71447	1.27125e-09	
A9CJW3	P63228	6.64549	
A9CJW3	P64618	9.9897	
A9CJW3	P16099	2.74229	
P71447	P40818	2.59285	
P71447	P63018	9.16622	
P71447	A9CJW3	1.22684e-09	
P71447	P26222	9.48266	
P71447	Q12888	0.15498	
P71447	P38398	9.059	
Q9D967	Q96T60	3.7661	
Q9D967	Q9JLV6	0.069967	
Q9D967	P36924	7.67794	
Q9D967	Q93HT9	4.74853	
Q9D967	Q99633	0.568779	
Q9D967	Q79FE1	1.28109	
Q9D967	P09394	8.17341	
Q9D967	Q8U192	5.61101	
P63228	Q13867	2.65529	
P63228	P16009	6.44068	
P63228	Q96T60	0.000170721	
P63228	Q9JLV6	0.000702727	
P63228	P30086	0.366172	
P63228	P0C6U8	3.98237	
P63228	P04859	8.39256	
P63228	A9CJW3	5.54275	
P63228	Q92547	1.59847	
Q9HIW7	P43593	2.4835	
Q9HIW7	P26646	2.34112	
Q9HIW7	Q5SGX1	8.75799	
Q9HIW7	P0C6U8	9.54403	
Q9HIW7	Q8NWQ6	3.69134	
Q9HIW7	Q99633	1.31739	
Q9HIW7	P16099	1.4079	
O28835	P08037	1.24393	
O28835	P05618	6.06917	
O28835	P36924	1.64944	
O28835	P00282	4.47868	
O28835	P0C6U8	8.98039	
O28835	Q8NWQ6	5.21813	
O28835	Q8U192	5.57076	
O28835	P38516	2.87485	
P22868	P39625	2.94356	
P22868	P0C6U8	3.62777	
P22868	P56968	0.0539922	
P22868	O82827	0.907978	
P22868	P16099	3.56272	
P56968	P54578	8.4553	
P56968	P00327	5.39882	
P56968	Q8K1S3	0.458035	
P56968	P55211	2.99263	
P56968	Q8NWQ6	3.73824	
P56968	P22868	1.87238e-05	
P56968	P07824	6.79413	
P60472	P0AGC3	5.6542	
P60472	Q1LCS4	6.82414	
P60472	Q8K1S3	7.54078	
P60472	P0A0A5	0.275489	
P60472	P0C6U8	3.73658	
P60472	P04859	2.1915	
P60472	Q99633	7.17575	
P60472	Q88KV1	4.82345	
P60472	Q00722	1.6795	
P60472	P34024	7.87236	
P60472	O82827	1.00759e-66	
O82827	P39594	7.24978	
O82827	P22868	0.554011	
O82827	P60472	9.91662e-67	
O82827	P38398	2.97224	
O82827	Q92547	3.6368	
O82827	P16099	7.79528	
P38516	P0AGC3	9.00547	
P38516	P34024	0.708053	
P38516	O28835	2.46186	
Q9Y3E5	P74881	7.49647	
Q9Y3E5	A9CKI6	1.68349	
Q9Y3E5	Q9HLW6	4.47482e-29	
A9CKI6	P43593	1.09923	
A9CKI6	P00703	4.86732	
A9CKI6	P0C6U8	4.82075	
A9CKI6	Q8NWQ6	8.88058	
A9CKI6	Q00722	0.171873	
A9CKI6	Q9Y3E5	1.26967	
A9CKI6	Q8RR56	2.12873	
A9CKI6	P84066	5.45534	
Q9HLW6	P00711	7.27071	
Q9HLW6	P47096	7.11896	
Q9HLW6	P0C6U8	3.55321	
Q9HLW6	Q8NWQ6	1.06015	
Q9HLW6	Q9Y3E5	2.92489e-29	
Q9HLW6	Q8RR56	7.74451	
P07824	P0A707	3.93891	
P07824	P0AEC8	8.86651	
P07824	P08037	0.013701	
P07824	P07327	3.40785	
P07824	Q8NWQ6	1.89348	
P07824	Q00722	0.782539	
P07824	P56968	7.20979	
P07824	P83772	8.8929	
P07824	Q9CQM5	0.382485	
P07824	Q9BRA2	0.0330438	
P07824	P0AB52	3.82583	
O67135	P84022	4.5397	
O67135	Q99176	2.8899	
O67135	Q79FE1	3.83736	
P26222	P07858	7.85466	
P26222	P0A6Z1	5.18592	
P26222	Q09LX0	3.80777	
P26222	Q8WTS6	7.24167	
P26222	P03422	8.00631	
P26222	Q8NWQ6	2.33061	
P26222	P07987	1.74401e-18	
P07987	P30922	2.75854	
P07987	P10282	0.0328565	
P07987	P03422	0.323661	
P07987	Q8NWQ6	5.64292	
P07987	P26222	1.78055e-18	
Q8RR56	Q96T60	0.356707	
Q8RR56	Q9JLV6	1.89002	
Q8RR56	P00327	4.61009	
Q8RR56	P03422	3.77457	
Q8RR56	P38507	9.88169	
Q8RR56	Q00722	1.21681	
Q8RR56	A9CKI6	4.84019	
Q8RR56	P38398	7.41463	
Q8RR56	P16099	7.93561	
P83772	P07254	0.773364	
P83772	O15527	3.51599	
P83772	P07206	5.75174	
P83772	P05618	5.90151	
P83772	P0A6F9	0.550672	
P83772	P38507	0.450692	
P83772	Q00722	0.533524	
P83772	Q8U192	6.15067	
P83772	P07824	7.15837	
P83772	P0AA25	2.88689	
P64618	O75604	1.74264	
P64618	Q97DM1	0.0271824	
P64618	Q8WTS6	8.94675	
P64618	Q99176	4.61686	
P64618	P04859	8.87664	
P64618	A9CJW3	3.92608	
P64618	Q12888	2.78976	
P61711	P28325	7.06405	
P61711	P84022	5.82902	
P61711	Q15796	5.19112	
P61711	Q15797	0.631832	
P61711	P17313	7.57237	
P61711	Q09LX0	2.31825	
P61711	Q00722	1.616	
P61711	O66529	3.77956e-12	
P61711	P0A6M4	7.81768	
P61711	P84066	8.90131	
O66529	P0A6W5	9.46634	
O66529	P04395	9.55929	
O66529	P00654	7.02246	
O66529	O33840	9.03379	
O66529	O07615	3.84988	
O66529	P0C6U8	6.02023	
O66529	Q8NWQ6	2.38808	
O66529	P61711	3.68387e-12	
P0AA25	P32196	6.69645	
P0AA25	Q9UWN7	2.17916	
P0AA25	P40818	5.91375	
P0AA25	P00701	5.78198	
P0AA25	P0AGC3	9.81553	
P0AA25	P32589	6.98348	
P0AA25	P19120	5.66862	
P0AA25	O33840	8.97655	
P0AA25	P30086	1.48513	
P0AA25	Q8K1S3	9.80289	
P0AA25	P63018	5.66661	
P0AA25	Q8NWQ6	3.35369	
P0AA25	P00101	2.46142	
P0AA25	Q99633	9.25143	
P0AA25	P83772	1.21027	
P0AA25	P80028	2.7896e-16	
P0AA25	P20857	1.18475e-33	
P0AA25	Q9CQM5	2.99668	
P0AA25	Q12888	9.6277	
P80028	P32589	6.33635	
P80028	P10688	8.3272	
P80028	Q00722	6.36079	
P80028	Q8RR56	4.55452	
P80028	P0AA25	1.51849e-19	
P80028	P20857	4.5791e-14	
P20857	P43593	8.41546	
P20857	P07206	4.36266	
P20857	O33840	5.60385	
P20857	P0AA25	1.20649e-33	
P20857	P80028	3.3177e-11	
P20857	Q9CQM5	0.086142	
P20857	Q9BRA2	0.102654	
P46849	Q8VDG3	4.43114	
P46849	Q9UWN7	0.113959	
P46849	P10688	4.24336	
P46849	P38398	1.40661	
Q9CQM5	P07254	7.73319	
Q9CQM5	Q53752	0.79631	
Q9CQM5	Q15797	4.30287	
Q9CQM5	Q9JLV6	2.92218	
Q9CQM5	P05618	2.20324	
Q9CQM5	Q69ZQ2	1.78774	
Q9CQM5	P38507	6.62421	
Q9CQM5	P74881	9.30749	
Q9CQM5	P07824	0.145652	
Q9CQM5	P0AA25	3.38157	
Q9CQM5	P20857	0.0954546	
Q9CQM5	Q9BRA2	4.68451e-78	
Q9BRA2	Q8VQD7	7.85276	
Q9BRA2	P00712	5.46385	
Q9BRA2	P00711	5.72816	
Q9BRA2	Q53752	3.53824	
Q9BRA2	O43896	5.8052	
Q9BRA2	P05618	3.18708	
Q9BRA2	P36924	5.29228	
Q9BRA2	Q1LCS4	4.56338	
Q9BRA2	P38507	5.07194	
Q9BRA2	Q8NWQ6	7.1259	
Q9BRA2	P74881	3.33342	
Q9BRA2	P07824	0.0125832	
Q9BRA2	P20857	0.113752	
Q9BRA2	Q9CQM5	4.68451e-78	
P0AB52	P07254	9.94987	
P0AB52	P03000	0.534365	
P0AB52	P40818	8.47247	
P0AB52	P08037	1.73462	
P0AB52	Q15796	0.745165	
P0AB52	P07327	6.70137	
P0AB52	Q97DM1	4.23225	
P0AB52	P0C6U8	8.21537	
P0AB52	P07824	1.38583	
P45530	P0A6W5	0.36726	
P45530	P0A707	9.71527	
P45530	P0AEC8	4.02501	
P45530	P16009	4.48536	
P45530	P32589	4.8888	
P45530	P0C6U8	8.80969	
P45530	P38507	2.1133	
P45530	P07598	5.785	
P45530	P26222	3.92842	
P0A6M4	P52687	8.12036	
P0A6M4	P00787	7.93951	
P0A6M4	P40818	5.10256	
P0A6M4	P37330	5.51445	
P0A6M4	P61711	7.17446	
P84066	P12994	8.72209	
P84066	Q08242	9.68818	
P84066	A9CKI6	7.31419	
P84066	P38398	1.13786	
Q12888	P40818	9.66061	
Q12888	Q9JLV6	7.17392	
Q12888	P07206	0.200994	
Q12888	O33840	2.55199	
Q12888	Q8WWM9	6.11049	
Q12888	Q8K1S3	8.92311	
Q12888	Q8NWQ6	7.68097	
Q12888	P71447	1.45776	
Q12888	P38398	0.000520039	
P38398	Q8VDG3	5.15166	
P38398	P0A0A5	9.40324	
P38398	Q8NWQ6	0.93639	
P38398	P46849	7.81994	
P38398	Q12888	0.000521085	
P38398	Q92547	0.137682	
P28632	Q72JT8	4.98439	
P28632	P20226	8.00029	
P28632	P07858	1.1762	
P28632	P00327	0.555672	
P28632	P07327	0.0878343	
P28632	Q97DM1	7.93324	
P28632	Q57265	0.938455	
P28632	P0C6U8	5.80784	
P28632	P29898	4.82584	
P28632	P37330	8.32167	
P18887	P52687	8.81801	
P18887	P69328	4.72584	
P18887	Q8WVQ1	6.45836	
P18887	P55211	1.05631	
P18887	Q12888	5.07159	
P18887	Q92547	8.03775e-07	
Q92547	P40818	0.606557	
Q92547	Q09LX0	2.66779	
Q92547	Q8NWQ6	2.23403	
Q92547	P38398	0.109676	
Q92547	P18887	1.8208e-06	
Q92547	P0A836	6.76969	
P0A836	P00718	5.44627	
P0A836	P00717	5.30208	
P0A836	Q92547	1.72578	
P16099	P30922	2.42266	
P16099	O75604	3.87165	
P16099	P00654	7.94373	
P16099	Q96T60	5.62766	
P16099	Q9JLV6	5.87521	
P16099	O33840	4.35913	
P16099	Q57265	0.0363753	
P16099	Q9HQM9	6.82624	
P16099	Q8NWQ6	2.38769	
P16099	P07598	6.30164	
P16099	Q00722	1.48129	
P16099	A9CJW3	8.7418	
P16099	Q9HIW7	4.48807	
